"contrast","iso1","iso2","iso1.mean.ratio","iso2.mean.ratio","Condition1(x=1)","Condition2(x=2)","before.interval","after.interval","x.value","y.value","before.prob","after.prob","before.diff","after.diff","before.pval","after.pval","before.FDR","after.FDR","before.t.points","after.t.points","prob","diff","cor","numeric.coordinates"
"SETI_WT.P-SETI_WT.mock","AT5G63370_c2","AT5G63370_c4",0.100023907236121,0.065260264040516,"SETI_WT.mock","SETI_WT.P","[1,1.3916]","(1.3916,2]",1.39155350996951,2.14210363334233,1,1,-3.43254666666667,5.333935,0.00729373812466456,0.00618529558973045,0.00729373812466456,0.00729373812466456,1,1,1,8.76648166666667,-0.966689779541111,NA
"SETI_WT.P-SETI_WT.mock","AT4G23910.2","AT4G23910_ID5",0.0958903240622149,0.123972770669063,"SETI_WT.mock","SETI_WT.P","[1,1.5639]","(1.5639,2]",1.5638634843223,2.49457133713127,1,1,-5.719703,4.42406966666667,0.00655328534906208,0.00561723307289598,0.00655328534906208,0.00655328534906208,1,1,1,10.1437726666667,-0.97602434433633,NA
"SETI_WT.P-SETI_WT.mock","AT4G23910.2","AT4G23910_ID12",0.0958903240622149,0.101759735302946,"SETI_WT.mock","SETI_WT.P","[1,1.5246]","(1.5246,2]",1.52463953787085,2.32104186542846,1,1,-2.88297033333333,2.61217466666667,0.00112451072812599,0.00351164042531334,0.00224902145625198,0.00351164042531334,1,1,1,5.495145,-0.778830751212731,NA
"SETI_WT.P-SETI_WT.mock","AT3G12915_JS1","AT3G12915_JS3",0.187845050440478,0.776648441924757,"SETI_WT.mock","SETI_WT.P","[1,1.8052]","(1.8052,2]",1.80523969116699,0.449568272124067,1,1,-2.30831566666667,0.558303666666667,0.00249843255157989,0.00774613587268682,0.00499686510315978,0.00774613587268682,1,1,1,2.86661933333333,-0.979783001613509,NA
